{"bbr2_8.0_100_10_Codel_drop_5_0_3_1_7": 45.157640187921096, "bbr2_8.0_100_10_FQ_Codel_L4S_5_0_3_1_1": 51.22464490237175, "bbr2_1.0_100_10_Codel_drop_5_0_3_1_8": 30.047918634414785, "bbr2_2.0_100_10_FIFO_none_0_3_1_9": 23.110771764418484, "bbr2_1.0_100_10_FIFO_none_0_3_1_5": 35.3922442861334, "bbr2_1.0_100_10_FQ_Codel_L4S_5_0_3_1_6": 51.010374557314655, "bbr2_0.5_100_10_pie_drop_5_0_3_1_7": 44.37090525800581, "bbr2_1.0_100_10_FIFO_none_0_3_1_8": 22.42272805100114, "bbr2_1.0_100_10_Codel_drop_5_0_3_1_9": 51.3342952471309, "bbr2_1.0_100_10_FIFO_none_0_3_1_3": 53.468613307685224, "bbr2_1.0_100_10_Codel_drop_5_0_3_1_6": 46.191838843785966, "bbr2_4.0_100_10_Codel_drop_5_0_3_1_1": 46.86330634847878, "bbr2_1.0_100_10_pie_drop_5_0_3_1_10": 37.73735278560685, "bbr2_1.0_100_10_FQ_Codel_L4S_5_0_3_1_10": 50.73230593958274, "bbr2_8.0_100_10_FIFO_none_0_3_1_2": 35.042123588595395, "bbr2_2.0_100_10_Codel_drop_5_0_3_1_7": 66.76426173016384, "bbr2_4.0_100_10_FQ_Codel_L4S_5_0_3_1_9": 50.48941083725823, "bbr2_8.0_100_10_FQ_Codel_L4S_5_0_3_1_10": 51.3571628703039, "bbr2_2.0_100_10_Codel_drop_5_0_3_1_2": 61.60654276091951, "bbr2_1.0_100_10_FQ_Codel_L4S_5_0_3_1_1": 50.59496883460428, "bbr2_0.5_100_10_FIFO_none_0_3_1_4": 48.2135409448441, "bbr2_8.0_100_10_pie_drop_5_0_3_1_8": 34.60495658658312, "bbr2_4.0_100_10_FIFO_none_0_3_1_2": 39.71552600885242, "bbr2_8.0_100_10_FQ_Codel_L4S_5_0_3_1_8": 50.695904964777455, "bbr2_4.0_100_10_FIFO_none_0_3_1_3": 31.677505660266057, "bbr2_4.0_100_10_FQ_Codel_L4S_5_0_3_1_3": 50.13685428419341, "bbr2_2.0_100_10_FQ_Codel_L4S_5_0_3_1_3": 50.86495452127695, "bbr2_4.0_100_10_pie_drop_5_0_3_1_5": 47.93609277951928, "bbr2_2.0_100_10_pie_drop_5_0_3_1_2": 34.49097992196386, "bbr2_1.0_100_10_pie_drop_5_0_3_1_4": 52.7624845982218, "bbr2_8.0_100_10_FQ_Codel_L4S_5_0_3_1_9": 50.57253151259278, "bbr2_8.0_100_10_Codel_drop_5_0_3_1_5": 43.80315306315441, "bbr2_8.0_100_10_Codel_drop_5_0_3_1_4": 48.152476315535594, "bbr2_4.0_100_10_Codel_drop_5_0_3_1_2": 43.447697160673016, "bbr2_2.0_100_10_FQ_Codel_L4S_5_0_3_1_10": 51.485705592001935, "bbr2_1.0_100_10_FQ_Codel_L4S_5_0_3_1_3": 50.50231240698523, "bbr2_8.0_100_10_FIFO_none_0_3_1_4": 37.50574250827552, "bbr2_8.0_100_10_Codel_drop_5_0_3_1_9": 41.61978137854134, "bbr2_2.0_100_10_FIFO_none_0_3_1_7": 33.63027821640848, "bbr2_1.0_100_10_FQ_Codel_L4S_5_0_3_1_7": 50.78538162133608, "bbr2_0.5_100_10_FQ_Codel_L4S_5_0_3_1_3": 50.90448725611903, "bbr2_0.5_100_10_pie_drop_5_0_3_1_9": 41.725058812978986, "bbr2_8.0_100_10_FIFO_none_0_3_1_8": 30.214928015265098, "bbr2_1.0_100_10_pie_drop_5_0_3_1_9": 25.44541258838561, "bbr2_4.0_100_10_FQ_Codel_L4S_5_0_3_1_10": 50.420931684396216, "bbr2_2.0_100_10_FIFO_none_0_3_1_1": 29.132878089698213, "bbr2_2.0_100_10_FQ_Codel_L4S_5_0_3_1_5": 50.914184710961784, "bbr2_1.0_100_10_FIFO_none_0_3_1_1": 50.83707991611735, "bbr2_1.0_100_10_pie_drop_5_0_3_1_2": 39.345182633825196, "bbr2_0.5_100_10_pie_drop_5_0_3_1_8": 50.192126046389866, "bbr2_4.0_100_10_FQ_Codel_L4S_5_0_3_1_2": 50.728293303961166, "bbr2_8.0_100_10_FIFO_none_0_3_1_3": 35.748890340892906, "bbr2_1.0_100_10_pie_drop_5_0_3_1_1": 42.164774595052315, "bbr2_4.0_100_10_pie_drop_5_0_3_1_4": 45.03308294783424, "bbr2_8.0_100_10_pie_drop_5_0_3_1_4": 50.16609687292204, "bbr2_1.0_100_10_pie_drop_5_0_3_1_8": 34.493185386566914, "bbr2_8.0_100_10_FIFO_none_0_3_1_1": 39.70345661407983, "bbr2_1.0_100_10_FIFO_none_0_3_1_4": 38.198013129865366, "bbr2_0.5_100_10_Codel_drop_5_0_3_1_9": 48.72005272416167, "bbr2_0.5_100_10_pie_drop_5_0_3_1_1": 46.49889466202682, "bbr2_0.5_100_10_FQ_Codel_L4S_5_0_3_1_8": 50.6946225857441, "bbr2_0.5_100_10_FIFO_none_0_3_1_9": 41.52902518006777, "bbr2_0.5_100_10_Codel_drop_5_0_3_1_1": 42.88732313113084, "bbr2_2.0_100_10_pie_drop_5_0_3_1_6": 59.421551798248345, "bbr2_8.0_100_10_pie_drop_5_0_3_1_10": 47.415448833127904, "bbr2_0.5_100_10_FIFO_none_0_3_1_2": 42.625017892652615, "bbr2_0.5_100_10_pie_drop_5_0_3_1_5": 46.999536447446474, "bbr2_0.5_100_10_FQ_Codel_L4S_5_0_3_1_7": 50.5517000778395, "bbr2_4.0_100_10_pie_drop_5_0_3_1_9": 47.02872645040648, "bbr2_0.5_100_10_FIFO_none_0_3_1_7": 48.381101562529025, "bbr2_2.0_100_10_Codel_drop_5_0_3_1_8": 74.60201526254407, "bbr2_8.0_100_10_FIFO_none_0_3_1_7": 32.36878366094693, "bbr2_1.0_100_10_FIFO_none_0_3_1_2": 53.03114085564773, "bbr2_4.0_100_10_pie_drop_5_0_3_1_10": 34.13420076652953, "bbr2_4.0_100_10_FIFO_none_0_3_1_4": 41.29351574438252, "bbr2_2.0_100_10_FQ_Codel_L4S_5_0_3_1_6": 50.78243905156573, "bbr2_8.0_100_10_FIFO_none_0_3_1_9": 31.579676288211385, "bbr2_2.0_100_10_Codel_drop_5_0_3_1_1": 46.05960722800969, "bbr2_1.0_100_10_FIFO_none_0_3_1_7": 50.257550004707014, "bbr2_8.0_100_10_pie_drop_5_0_3_1_7": 39.78601306585356, "bbr2_8.0_100_10_pie_drop_5_0_3_1_1": 44.11539378814752, "bbr2_1.0_100_10_pie_drop_5_0_3_1_3": 54.57898855793886, "bbr2_8.0_100_10_Codel_drop_5_0_3_1_1": 46.278690825827866, "bbr2_1.0_100_10_Codel_drop_5_0_3_1_7": 52.03917382146536, "bbr2_2.0_100_10_pie_drop_5_0_3_1_7": 41.60837887895905, "bbr2_0.5_100_10_FIFO_none_0_3_1_6": 53.225278609909935, "bbr2_0.5_100_10_Codel_drop_5_0_3_1_3": 42.054520779475396, "bbr2_2.0_100_10_Codel_drop_5_0_3_1_5": 41.17932179729088, "bbr2_2.0_100_10_FIFO_none_0_3_1_8": 29.276400453581672, "bbr2_2.0_100_10_FQ_Codel_L4S_5_0_3_1_7": 50.523124316879304, "bbr2_8.0_100_10_Codel_drop_5_0_3_1_10": 41.643646155154386, "bbr2_8.0_100_10_FQ_Codel_L4S_5_0_3_1_3": 50.75095746354143, "bbr2_1.0_100_10_Codel_drop_5_0_3_1_4": 23.392175887572964, "bbr2_4.0_100_10_FIFO_none_0_3_1_5": 47.61943868849898, "bbr2_4.0_100_10_Codel_drop_5_0_3_1_3": 45.053332638868, "bbr2_8.0_100_10_FIFO_none_0_3_1_5": 30.65352068355042, "bbr2_0.5_100_10_FIFO_none_0_3_1_10": 37.398062315779754, "bbr2_0.5_100_10_Codel_drop_5_0_3_1_2": 45.78406798871916, "bbr2_8.0_100_10_pie_drop_5_0_3_1_9": 45.259296542621705, "bbr2_4.0_100_10_Codel_drop_5_0_3_1_8": 49.46780272476206, "bbr2_2.0_100_10_FQ_Codel_L4S_5_0_3_1_4": 50.579015409091085, "bbr2_4.0_100_10_FQ_Codel_L4S_5_0_3_1_6": 50.940328377829715, "bbr2_0.5_100_10_FIFO_none_0_3_1_8": 42.52706163064512, "bbr2_0.5_100_10_Codel_drop_5_0_3_1_8": 37.77051776592498, "bbr2_0.5_100_10_pie_drop_5_0_3_1_4": 41.990028918419505, "bbr2_4.0_100_10_FQ_Codel_L4S_5_0_3_1_1": 50.69853477332554, "bbr2_0.5_100_10_Codel_drop_5_0_3_1_10": 47.72594442052391, "bbr2_1.0_100_10_FIFO_none_0_3_1_6": 52.285809854621554, "bbr2_8.0_100_10_pie_drop_5_0_3_1_5": 40.484116223284815, "bbr2_0.5_100_10_Codel_drop_5_0_3_1_5": 45.7770056311881, "bbr2_0.5_100_10_FIFO_none_0_3_1_1": 39.1272338200954, "bbr2_1.0_100_10_FQ_Codel_L4S_5_0_3_1_4": 51.07620133807636, "bbr2_8.0_100_10_FQ_Codel_L4S_5_0_3_1_5": 50.9406701252324, "bbr2_1.0_100_10_Codel_drop_5_0_3_1_3": 21.16476713514773, "bbr2_8.0_100_10_pie_drop_5_0_3_1_3": 47.918413164860596, "bbr2_4.0_100_10_FIFO_none_0_3_1_7": 34.47455371635129, "bbr2_0.5_100_10_pie_drop_5_0_3_1_6": 44.13371437298857, "bbr2_1.0_100_10_pie_drop_5_0_3_1_5": 25.2690301442466, "bbr2_2.0_100_10_FQ_Codel_L4S_5_0_3_1_9": 50.84967940954675, "bbr2_2.0_100_10_FIFO_none_0_3_1_4": 21.056983587462366, "bbr2_4.0_100_10_Codel_drop_5_0_3_1_5": 47.98144030378702, "bbr2_0.5_100_10_FQ_Codel_L4S_5_0_3_1_10": 50.84633105491393, "bbr2_2.0_100_10_pie_drop_5_0_3_1_5": 72.3204716363406, "bbr2_2.0_100_10_pie_drop_5_0_3_1_10": 55.67493204423045, "bbr2_2.0_100_10_Codel_drop_5_0_3_1_4": 62.587706098509756, "bbr2_8.0_100_10_FQ_Codel_L4S_5_0_3_1_6": 50.241511310484626, "bbr2_0.5_100_10_pie_drop_5_0_3_1_2": 45.39359695342722, "bbr2_2.0_100_10_Codel_drop_5_0_3_1_6": 59.698767043149516, "bbr2_8.0_100_10_Codel_drop_5_0_3_1_3": 47.196454061472735, "bbr2_4.0_100_10_FQ_Codel_L4S_5_0_3_1_4": 50.649383980356475, "bbr2_1.0_100_10_Codel_drop_5_0_3_1_2": 52.98384555823163, "bbr2_8.0_100_10_Codel_drop_5_0_3_1_6": 47.60848478634291, "bbr2_1.0_100_10_pie_drop_5_0_3_1_7": 22.225248495499358, "bbr2_1.0_100_10_FQ_Codel_L4S_5_0_3_1_9": 51.52111830049967, "bbr2_8.0_100_10_pie_drop_5_0_3_1_2": 28.500331891819364, "bbr2_8.0_100_10_FIFO_none_0_3_1_6": 34.877505704949805,