{"bbr2_2.0_100_10_FQ_Codel_5_0_3_1_3": 47.09321942416971, "bbr2_1.0_100_10_FQ_5_0_3_1_9": 46.633794793907796, "bbr2_8.0_100_10_Codel_5_0_3_1_9": 54.89995830469857, "bbr2_1.0_100_10_FQ_Codel_5_0_3_1_5": 46.947919820287126, "bbr2_4.0_100_10_FQ_5_0_3_1_2": 47.04153802625658, "bbr2_1.0_100_10_FQ_Codel_5_0_3_1_3": 47.16541668978054, "bbr2_4.0_100_10_FQ_Codel_5_0_3_1_8": 46.794748838880864, "bbr2_4.0_100_10_FQ_Codel_5_0_3_1_3": 47.18171910340017, "bbr2_4.0_100_10_FQ_5_0_3_1_6": 47.29480206976172, "bbr2_8.0_100_10_FQ_Codel_5_0_3_1_9": 47.12074659009332, "bbr2_0.5_100_10_FQ_Codel_5_0_3_1_10": 47.04057929471128, "bbr2_2.0_100_10_single_queue_FQ_5_0_3_1_4": 34.21871390920149, "bbr2_1.0_100_10_single_queue_FQ_5_0_3_1_1": 61.272594640575576, "bbr2_2.0_100_10_Codel_5_0_3_1_7": 28.07600652846579, "bbr2_0.5_100_10_FQ_5_0_3_1_8": 46.711076870404035, "bbr2_8.0_100_10_single_queue_FQ_5_0_3_1_2": 48.98091513329842, "bbr2_2.0_100_10_Codel_5_0_3_1_6": 63.867182397314465, "bbr2_2.0_100_10_FQ_Codel_5_0_3_1_4": 46.99140662351003, "bbr2_8.0_100_10_FQ_5_0_3_1_4": 46.80704893609955, "bbr2_0.5_100_10_FQ_Codel_5_0_3_1_2": 47.045715689470356, "bbr2_0.5_100_10_Codel_5_0_3_1_2": 55.6172846469641, "bbr2_0.5_100_10_FQ_Codel_5_0_3_1_4": 46.7869741355188, "bbr2_1.0_100_10_Codel_5_0_3_1_3": 39.2999904266506, "bbr2_0.5_100_10_single_queue_FQ_5_0_3_1_1": 50.6393161679896, "bbr2_4.0_100_10_single_queue_FQ_5_0_3_1_9": 49.380975753201845, "bbr2_1.0_100_10_single_queue_FQ_5_0_3_1_8": 54.683937220872075, "bbr2_2.0_100_10_FQ_5_0_3_1_5": 46.87564784055702, "bbr2_0.5_100_10_FQ_5_0_3_1_2": 46.8705962413923, "bbr2_0.5_100_10_FQ_Codel_5_0_3_1_9": 46.65269453933525, "bbr2_8.0_100_10_FQ_5_0_3_1_5": 46.85868213242265, "bbr2_8.0_100_10_FQ_Codel_5_0_3_1_5": 46.92610500173294, "bbr2_2.0_100_10_single_queue_FQ_5_0_3_1_2": 57.981354778911616, "bbr2_8.0_100_10_single_queue_FQ_5_0_3_1_3": 46.52081653339862, "bbr2_4.0_100_10_single_queue_FQ_5_0_3_1_4": 45.11647993732286, "bbr2_2.0_100_10_FQ_5_0_3_1_8": 46.675761354738874, "bbr2_1.0_100_10_single_queue_FQ_5_0_3_1_10": 64.00243942771026, "bbr2_1.0_100_10_Codel_5_0_3_1_8": 42.11290946663648, "bbr2_8.0_100_10_Codel_5_0_3_1_3": 61.3754403664478, "bbr2_4.0_100_10_single_queue_FQ_5_0_3_1_10": 55.76999272333681, "bbr2_0.5_100_10_single_queue_FQ_5_0_3_1_2": 44.60867407770763, "bbr2_4.0_100_10_single_queue_FQ_5_0_3_1_7": 54.049400134699205, "bbr2_1.0_100_10_FQ_5_0_3_1_1": 46.713585683930866, "bbr2_4.0_100_10_FQ_Codel_5_0_3_1_4": 47.0553721526554, "bbr2_8.0_100_10_single_queue_FQ_5_0_3_1_7": 34.397118755486225, "bbr2_8.0_100_10_FQ_Codel_5_0_3_1_7": 47.04218541362036, "bbr2_1.0_100_10_Codel_5_0_3_1_1": 49.664544793483614, "bbr2_4.0_100_10_FQ_5_0_3_1_3": 46.87325627833094, "bbr2_0.5_100_10_single_queue_FQ_5_0_3_1_6": 50.43210778717287, "bbr2_1.0_100_10_FQ_Codel_5_0_3_1_7": 46.92507031867323, "bbr2_1.0_100_10_FQ_5_0_3_1_8": 46.51053610129642, "bbr2_4.0_100_10_FQ_5_0_3_1_4": 46.72032016864818, "bbr2_4.0_100_10_FQ_Codel_5_0_3_1_9": 47.0162122250198, "bbr2_2.0_100_10_FQ_5_0_3_1_1": 46.7736085445939, "bbr2_1.0_100_10_Codel_5_0_3_1_10": 41.3947727650652, "bbr2_0.5_100_10_FQ_Codel_5_0_3_1_1": 47.42565725254653, "bbr2_8.0_100_10_FQ_Codel_5_0_3_1_1": 47.18439640060706, "bbr2_0.5_100_10_single_queue_FQ_5_0_3_1_8": 53.897186215280925, "bbr2_1.0_100_10_FQ_Codel_5_0_3_1_8": 47.00592056665417, "bbr2_8.0_100_10_single_queue_FQ_5_0_3_1_9": 40.81072876509424, "bbr2_1.0_100_10_Codel_5_0_3_1_4": 55.434596441958625, "bbr2_1.0_100_10_Codel_5_0_3_1_5": 47.250517001311245, "bbr2_1.0_100_10_FQ_5_0_3_1_5": 46.618751617737374, "bbr2_1.0_100_10_Codel_5_0_3_1_6": 54.111343989812504, "bbr2_2.0_100_10_Codel_5_0_3_1_9": 30.8393816947401, "bbr2_4.0_100_10_single_queue_FQ_5_0_3_1_5": 56.8161596504646, "bbr2_8.0_100_10_FQ_5_0_3_1_3": 46.776979509878466, "bbr2_4.0_100_10_Codel_5_0_3_1_10": 50.0536019946872, "bbr2_0.5_100_10_Codel_5_0_3_1_5": 48.08015924748674, "bbr2_1.0_100_10_FQ_5_0_3_1_2": 46.7058256979639, "bbr2_2.0_100_10_FQ_Codel_5_0_3_1_6": 47.13282177271797, "bbr2_8.0_100_10_FQ_5_0_3_1_1": 46.59936133004284, "bbr2_4.0_100_10_Codel_5_0_3_1_9": 61.65815054297724, "bbr2_0.5_100_10_Codel_5_0_3_1_1": 55.154347109537305, "bbr2_0.5_100_10_single_queue_FQ_5_0_3_1_9": 49.29699007721131, "bbr2_8.0_100_10_single_queue_FQ_5_0_3_1_8": 50.453569134814046, "bbr2_1.0_100_10_FQ_5_0_3_1_6": 46.5883727525597, "bbr2_0.5_100_10_Codel_5_0_3_1_6": 51.742102547399696, "bbr2_4.0_100_10_single_queue_FQ_5_0_3_1_3": 46.68127175647874, "bbr2_4.0_100_10_FQ_Codel_5_0_3_1_10": 47.18985988426461, "bbr2_4.0_100_10_FQ_5_0_3_1_8": 47.2852295668284, "bbr2_1.0_100_10_FQ_5_0_3_1_4": 46.6135417552969, "bbr2_2.0_100_10_FQ_5_0_3_1_9": 46.74037379247117, "bbr2_1.0_100_10_single_queue_FQ_5_0_3_1_6": 65.60808754510902, "bbr2_4.0_100_10_FQ_5_0_3_1_10": 46.52209029363647, "bbr2_2.0_100_10_FQ_Codel_5_0_3_1_9": 47.03363579120576, "bbr2_8.0_100_10_Codel_5_0_3_1_7": 58.8268969451014, "bbr2_8.0_100_10_FQ_Codel_5_0_3_1_6": 46.98505322875831, "bbr2_8.0_100_10_FQ_Codel_5_0_3_1_2": 46.84665617714907, "bbr2_2.0_100_10_single_queue_FQ_5_0_3_1_7": 63.738252271955545, "bbr2_8.0_100_10_Codel_5_0_3_1_6": 55.25254174743287, "bbr2_1.0_100_10_single_queue_FQ_5_0_3_1_9": 58.875052730357766, "bbr2_2.0_100_10_Codel_5_0_3_1_3": 20.567882163316472, "bbr2_2.0_100_10_FQ_5_0_3_1_6": 46.4651214099637, "bbr2_8.0_100_10_FQ_5_0_3_1_2": 46.705571222473765, "bbr2_2.0_100_10_Codel_5_0_3_1_10": 57.1571260568151, "bbr2_2.0_100_10_FQ_Codel_5_0_3_1_5": 46.83579597642539, "bbr2_8.0_100_10_FQ_Codel_5_0_3_1_3": 47.057744528923756, "bbr2_0.5_100_10_FQ_5_0_3_1_7": 46.6583454519456, "bbr2_4.0_100_10_FQ_Codel_5_0_3_1_6": 47.06966604238042, "bbr2_1.0_100_10_single_queue_FQ_5_0_3_1_3": 51.72602166329332, "bbr2_8.0_100_10_single_queue_FQ_5_0_3_1_10": 51.953564534877515, "bbr2_8.0_100_10_FQ_5_0_3_1_8": 46.70625679141715, "bbr2_0.5_100_10_single_queue_FQ_5_0_3_1_4": 50.73000728161965, "bbr2_0.5_100_10_FQ_Codel_5_0_3_1_5": 47.0654756814372, "bbr2_4.0_100_10_FQ_Codel_5_0_3_1_7": 46.888069107464126, "bbr2_1.0_100_10_single_queue_FQ_5_0_3_1_2": 54.430156794146704, "bbr2_8.0_100_10_FQ_5_0_3_1_10": 46.89067338692382, "bbr2_1.0_100_10_FQ_Codel_5_0_3_1_9": 47.00414879346282, "bbr2_1.0_100_10_FQ_Codel_5_0_3_1_2": 46.6632978472827, "bbr2_2.0_100_10_Codel_5_0_3_1_2": 58.69860193442336, "bbr2_2.0_100_10_FQ_5_0_3_1_2": 46.502884953307195, "bbr2_4.0_100_10_Codel_5_0_3_1_6": 49.4598759493854, "bbr2_0.5_100_10_Codel_5_0_3_1_7": 52.07305759178007, "bbr2_2.0_100_10_single_queue_FQ_5_0_3_1_5": 48.16121405634743, "bbr2_1.0_100_10_single_queue_FQ_5_0_3_1_7": 44.0431890783456, "bbr2_4.0_100_10_FQ_5_0_3_1_9": 46.845268524662046, "bbr2_1.0_100_10_Codel_5_0_3_1_2": 46.51873054107668, "bbr2_2.0_100_10_single_queue_FQ_5_0_3_1_6": 41.63621557017455, "bbr2_8.0_100_10_FQ_5_0_3_1_9": 46.55879290624656, "bbr2_4.0_100_10_FQ_5_0_3_1_5": 46.69174138527018, "bbr2_0.5_100_10_FQ_Codel_5_0_3_1_8": 46.637432541033036, "bbr2_0.5_100_10_FQ_5_0_3_1_9": 46.33880850525908, "bbr2_1.0_100_10_FQ_5_0_3_1_7": 46.65313553682613, "bbr2_4.0_100_10_Codel_5_0_3_1_1": 51.984130023192286, "bbr2_8.0_100_10_Codel_5_0_3_1_1": 56.872925557380995, "bbr2_0.5_100_10_single_queue_FQ_5_0_3_1_5": 51.024166650766794, "bbr2_0.5_100_10_Codel_5_0_3_1_9": 47.508497228999275, "bbr2_2.0_100_10_Codel_5_0_3_1_8": 31.52682770035159, "bbr2_2.0_100_10_Codel_5_0_3_1_5": 25.04023750608348, "bbr2_0.5_100_10_FQ_5_0_3_1_5": 47.108633801521584, "bbr2_1.0_100_10_FQ_5_0_3_1_10": 47.5910085604921, "bbr2_0.5_100_10_FQ_5_0_3_1_6": 46.74784589560746, "bbr2_2.0_100_10_Codel_5_0_3_1_4": 26.371354428896037, "bbr2_0.5_100_10_FQ_5_0_3_1_3": 46.9548380297948, "bbr2_8.0_100_10_FQ_5_0_3_1_6": 46.906080231354075, "bbr2_4.0_100_10_Codel_5_0_3_1_5": 60.71632221696964, "bbr2_0.5_100_10_FQ_5_0_3_1_1": 46.88609154472505, "bbr2_8.0_100_10_single_queue_FQ_5_0_3_1_1": 62.454363671173404, "bbr2_0.5_100_10_FQ_Codel_5_0_3_1_3": 46.7592388433192, "bbr2_1.0_100_10_FQ_Codel_5_0_3_1_6": 47.26845355775438, "bbr2_2.0_100_10_FQ_5_0_3_1_10": 46.8185583578934, "bbr2_1.0_100_10_FQ_5_0_3_1_3": 46.98882003554146,