{"bbr2_8.0_100_10_Codel_drop_5_0_3_1_7": 49.027661457332, "bbr2_8.0_100_10_FQ_Codel_L4S_5_0_3_1_1": 43.399825111328404, "bbr2_1.0_100_10_Codel_drop_5_0_3_1_8": 63.541664737081945, "bbr2_2.0_100_10_FIFO_none_0_3_1_9": 70.74251429467273, "bbr2_1.0_100_10_FIFO_none_0_3_1_5": 58.76362087246882, "bbr2_1.0_100_10_FQ_Codel_L4S_5_0_3_1_6": 43.004016770691265, "bbr2_0.5_100_10_pie_drop_5_0_3_1_7": 49.352830790524955, "bbr2_1.0_100_10_FIFO_none_0_3_1_8": 71.81564574007335, "bbr2_1.0_100_10_Codel_drop_5_0_3_1_9": 42.866807376786525, "bbr2_1.0_100_10_FIFO_none_0_3_1_3": 40.97485581106732, "bbr2_1.0_100_10_Codel_drop_5_0_3_1_6": 47.219139672206126, "bbr2_4.0_100_10_Codel_drop_5_0_3_1_1": 47.0721048321856, "bbr2_1.0_100_10_pie_drop_5_0_3_1_10": 56.18319886997089, "bbr2_1.0_100_10_FQ_Codel_L4S_5_0_3_1_10": 43.55439612625598, "bbr2_8.0_100_10_FIFO_none_0_3_1_2": 58.839993815530555, "bbr2_2.0_100_10_Codel_drop_5_0_3_1_7": 27.512515312282577, "bbr2_4.0_100_10_FQ_Codel_L4S_5_0_3_1_9": 43.629175347759166, "bbr2_8.0_100_10_FQ_Codel_L4S_5_0_3_1_10": 42.7384541756401, "bbr2_2.0_100_10_Codel_drop_5_0_3_1_2": 32.82526317220795, "bbr2_1.0_100_10_FQ_Codel_L4S_5_0_3_1_1": 43.50175478858543, "bbr2_0.5_100_10_FIFO_none_0_3_1_4": 46.07396672737219, "bbr2_8.0_100_10_pie_drop_5_0_3_1_8": 59.20776059264583, "bbr2_4.0_100_10_FIFO_none_0_3_1_2": 54.02708962064233, "bbr2_8.0_100_10_FQ_Codel_L4S_5_0_3_1_8": 43.358586195476256, "bbr2_4.0_100_10_FIFO_none_0_3_1_3": 62.08969235447378, "bbr2_4.0_100_10_FQ_Codel_L4S_5_0_3_1_3": 43.39620545145305, "bbr2_2.0_100_10_FQ_Codel_L4S_5_0_3_1_3": 43.46944907015787, "bbr2_4.0_100_10_pie_drop_5_0_3_1_5": 46.0268606504587, "bbr2_2.0_100_10_pie_drop_5_0_3_1_2": 59.23342862184671, "bbr2_1.0_100_10_pie_drop_5_0_3_1_4": 41.60119712642998, "bbr2_8.0_100_10_FQ_Codel_L4S_5_0_3_1_9": 43.74714759011149, "bbr2_8.0_100_10_Codel_drop_5_0_3_1_5": 50.35369770611713, "bbr2_8.0_100_10_Codel_drop_5_0_3_1_4": 45.5940280801792, "bbr2_4.0_100_10_Codel_drop_5_0_3_1_2": 51.00105910733258, "bbr2_2.0_100_10_FQ_Codel_L4S_5_0_3_1_10": 42.961699833588824, "bbr2_1.0_100_10_FQ_Codel_L4S_5_0_3_1_3": 43.37769641703295, "bbr2_8.0_100_10_FIFO_none_0_3_1_4": 56.645608060865385, "bbr2_8.0_100_10_Codel_drop_5_0_3_1_9": 52.84372781840892, "bbr2_2.0_100_10_FIFO_none_0_3_1_7": 60.098044089258096, "bbr2_1.0_100_10_FQ_Codel_L4S_5_0_3_1_7": 43.162630217220666, "bbr2_0.5_100_10_FQ_Codel_L4S_5_0_3_1_3": 43.2726112750867, "bbr2_0.5_100_10_pie_drop_5_0_3_1_9": 52.31729820951222, "bbr2_8.0_100_10_FIFO_none_0_3_1_8": 63.4701440749714, "bbr2_1.0_100_10_pie_drop_5_0_3_1_9": 68.3765724839773, "bbr2_4.0_100_10_FQ_Codel_L4S_5_0_3_1_10": 43.41483062855214, "bbr2_2.0_100_10_FIFO_none_0_3_1_1": 64.10292193969994, "bbr2_2.0_100_10_FQ_Codel_L4S_5_0_3_1_5": 43.31278833836483, "bbr2_1.0_100_10_FIFO_none_0_3_1_1": 43.17329887141712, "bbr2_1.0_100_10_pie_drop_5_0_3_1_2": 54.65902037703334, "bbr2_0.5_100_10_pie_drop_5_0_3_1_8": 43.99061976549414, "bbr2_4.0_100_10_FQ_Codel_L4S_5_0_3_1_2": 43.4222664286169, "bbr2_8.0_100_10_FIFO_none_0_3_1_3": 58.5641362848884, "bbr2_1.0_100_10_pie_drop_5_0_3_1_1": 52.011879108803576, "bbr2_4.0_100_10_pie_drop_5_0_3_1_4": 49.24454072626546, "bbr2_8.0_100_10_pie_drop_5_0_3_1_4": 44.0989440586171, "bbr2_1.0_100_10_pie_drop_5_0_3_1_8": 59.46162559483806, "bbr2_8.0_100_10_FIFO_none_0_3_1_1": 53.97074140050935, "bbr2_1.0_100_10_FIFO_none_0_3_1_4": 55.34160919760852, "bbr2_0.5_100_10_Codel_drop_5_0_3_1_9": 45.66517104638484, "bbr2_0.5_100_10_pie_drop_5_0_3_1_1": 48.1042175013064, "bbr2_0.5_100_10_FQ_Codel_L4S_5_0_3_1_8": 43.036962558859166, "bbr2_0.5_100_10_FIFO_none_0_3_1_9": 52.672659269392845, "bbr2_0.5_100_10_Codel_drop_5_0_3_1_1": 51.071164748253466, "bbr2_2.0_100_10_pie_drop_5_0_3_1_6": 34.7807412419372, "bbr2_8.0_100_10_pie_drop_5_0_3_1_10": 46.4751183484852, "bbr2_0.5_100_10_FIFO_none_0_3_1_2": 51.58118116287332, "bbr2_0.5_100_10_pie_drop_5_0_3_1_5": 47.037709974917334, "bbr2_0.5_100_10_FQ_Codel_L4S_5_0_3_1_7": 43.14664222666216, "bbr2_4.0_100_10_pie_drop_5_0_3_1_9": 47.45823969653939, "bbr2_0.5_100_10_FIFO_none_0_3_1_7": 45.86923819535694, "bbr2_2.0_100_10_Codel_drop_5_0_3_1_8": 19.692597406579402, "bbr2_8.0_100_10_FIFO_none_0_3_1_7": 61.41929248663345, "bbr2_1.0_100_10_FIFO_none_0_3_1_2": 41.61387404287486, "bbr2_4.0_100_10_pie_drop_5_0_3_1_10": 59.563874412725944, "bbr2_4.0_100_10_FIFO_none_0_3_1_4": 53.08441150871446, "bbr2_2.0_100_10_FQ_Codel_L4S_5_0_3_1_6": 43.683995923988874, "bbr2_8.0_100_10_FIFO_none_0_3_1_9": 61.902562353890126, "bbr2_2.0_100_10_Codel_drop_5_0_3_1_1": 48.186519010104746, "bbr2_1.0_100_10_FIFO_none_0_3_1_7": 44.27487208746902, "bbr2_8.0_100_10_pie_drop_5_0_3_1_7": 54.18039609093627, "bbr2_8.0_100_10_pie_drop_5_0_3_1_1": 49.961599190227396, "bbr2_1.0_100_10_pie_drop_5_0_3_1_3": 40.270445857586395, "bbr2_8.0_100_10_Codel_drop_5_0_3_1_1": 48.067777692102275, "bbr2_1.0_100_10_Codel_drop_5_0_3_1_7": 41.89777395578493, "bbr2_2.0_100_10_pie_drop_5_0_3_1_7": 52.49504288238923, "bbr2_0.5_100_10_FIFO_none_0_3_1_6": 40.96563656732141, "bbr2_0.5_100_10_Codel_drop_5_0_3_1_3": 52.04773778303322, "bbr2_2.0_100_10_Codel_drop_5_0_3_1_5": 53.08286588900967, "bbr2_2.0_100_10_FIFO_none_0_3_1_8": 64.5905834232325, "bbr2_2.0_100_10_FQ_Codel_L4S_5_0_3_1_7": 43.1864852604581, "bbr2_8.0_100_10_Codel_drop_5_0_3_1_10": 52.28815256000054, "bbr2_8.0_100_10_FQ_Codel_L4S_5_0_3_1_3": 43.42534133637666, "bbr2_1.0_100_10_Codel_drop_5_0_3_1_4": 70.5761790933778, "bbr2_4.0_100_10_FIFO_none_0_3_1_5": 46.776494996309104, "bbr2_4.0_100_10_Codel_drop_5_0_3_1_3": 48.942405213117326, "bbr2_8.0_100_10_FIFO_none_0_3_1_5": 63.3124052002646, "bbr2_0.5_100_10_FIFO_none_0_3_1_10": 56.957996332345026, "bbr2_0.5_100_10_Codel_drop_5_0_3_1_2": 48.348704564404244, "bbr2_8.0_100_10_pie_drop_5_0_3_1_9": 48.8938113073646, "bbr2_4.0_100_10_Codel_drop_5_0_3_1_8": 44.81982912597796, "bbr2_2.0_100_10_FQ_Codel_L4S_5_0_3_1_4": 43.43122616509867, "bbr2_4.0_100_10_FQ_Codel_L4S_5_0_3_1_6": 42.97496841223454, "bbr2_0.5_100_10_FIFO_none_0_3_1_8": 50.98261890842812, "bbr2_0.5_100_10_Codel_drop_5_0_3_1_8": 54.945789320009155, "bbr2_0.5_100_10_pie_drop_5_0_3_1_4": 52.15075846127537, "bbr2_4.0_100_10_FQ_Codel_L4S_5_0_3_1_1": 43.30061218836343, "bbr2_0.5_100_10_Codel_drop_5_0_3_1_10": 46.564341157971704, "bbr2_1.0_100_10_FIFO_none_0_3_1_6": 41.82956205318572, "bbr2_8.0_100_10_pie_drop_5_0_3_1_5": 53.56034930751842, "bbr2_0.5_100_10_Codel_drop_5_0_3_1_5": 48.65875071280828, "bbr2_0.5_100_10_FIFO_none_0_3_1_1": 54.6050008324206, "bbr2_1.0_100_10_FQ_Codel_L4S_5_0_3_1_4": 43.4111897902924, "bbr2_8.0_100_10_FQ_Codel_L4S_5_0_3_1_5": 43.44760893044563, "bbr2_1.0_100_10_Codel_drop_5_0_3_1_3": 72.28615778165216, "bbr2_8.0_100_10_pie_drop_5_0_3_1_3": 46.2487272672979, "bbr2_4.0_100_10_FIFO_none_0_3_1_7": 59.676058707959896, "bbr2_0.5_100_10_pie_drop_5_0_3_1_6": 49.021862411159425, "bbr2_1.0_100_10_pie_drop_5_0_3_1_5": 68.97587109782876, "bbr2_2.0_100_10_FQ_Codel_L4S_5_0_3_1_9": 43.37373258771127, "bbr2_2.0_100_10_FIFO_none_0_3_1_4": 72.7986484451121, "bbr2_4.0_100_10_Codel_drop_5_0_3_1_5": 45.76483483141604, "bbr2_0.5_100_10_FQ_Codel_L4S_5_0_3_1_10": 42.806251543274215, "bbr2_2.0_100_10_pie_drop_5_0_3_1_5": 21.944881547433177, "bbr2_2.0_100_10_pie_drop_5_0_3_1_10": 38.51558467164349, "bbr2_2.0_100_10_Codel_drop_5_0_3_1_4": 31.613981321202722, "bbr2_8.0_100_10_FQ_Codel_L4S_5_0_3_1_6": 43.24396986175241, "bbr2_0.5_100_10_pie_drop_5_0_3_1_2": 48.4008430296445, "bbr2_2.0_100_10_Codel_drop_5_0_3_1_6": 34.7665415797347, "bbr2_8.0_100_10_Codel_drop_5_0_3_1_3": 46.98957079607611, "bbr2_4.0_100_10_FQ_Codel_L4S_5_0_3_1_4": 43.47244951019727, "bbr2_1.0_100_10_Codel_drop_5_0_3_1_2": 40.880419040594866, "bbr2_8.0_100_10_Codel_drop_5_0_3_1_6": 46.83998410274228, "bbr2_1.0_100_10_pie_drop_5_0_3_1_7": 71.81411823988707, "bbr2_1.0_100_10_FQ_Codel_L4S_5_0_3_1_9": 42.96928843504821, "bbr2_8.0_100_10_pie_drop_5_0_3_1_2": 65.3690157447947, "bbr2_8.0_100_10_FIFO_none_0_3_1_6": 59.03057814324127, "bbr2_1.0_100_10_FQ_Codel_L4S_5_0_3_1_8": 43.608779252977136,