{"bbr2_8.0_100_10_DualPI2_5_0_3_1_3": 87.95435229383436, "bbr2_4.0_100_10_DualPI2_5_0_3_1_2": 88.2967651626507, "bbr2_2.0_100_10_DualPI2_5_0_3_1_9": 88.20560212932, "bbr2_8.0_100_10_DualPI2_5_0_3_1_4": 88.98393087331641, "bbr2_2.0_100_10_DualPI2_5_0_3_1_8": 88.5888549294671, "bbr2_4.0_100_10_DualPI2_5_0_3_1_4": 86.37373982984255, "bbr2_2.0_100_10_DualPI2_5_0_3_1_6": 88.09662690177107, "bbr2_0.5_100_10_DualPI2_5_0_3_1_5": 87.04460377563485, "bbr2_0.5_100_10_DualPI2_5_0_3_1_3": 88.62444552733088, "bbr2_4.0_100_10_DualPI2_5_0_3_1_3": 87.8773878825578, "bbr2_8.0_100_10_DualPI2_5_0_3_1_8": 88.3229877252543, "bbr2_1.0_100_10_DualPI2_5_0_3_1_3": 87.28358662776557, "bbr2_8.0_100_10_DualPI2_5_0_3_1_6": 88.0618940070179, "bbr2_0.5_100_10_DualPI2_5_0_3_1_9": 86.38917609761546, "bbr2_1.0_100_10_DualPI2_5_0_3_1_6": 89.0248235941388, "bbr2_4.0_100_10_DualPI2_5_0_3_1_10": 88.43534371046567, "bbr2_0.5_100_10_DualPI2_5_0_3_1_10": 88.1565177465246, "bbr2_4.0_100_10_DualPI2_5_0_3_1_7": 88.18065936905717, "bbr2_0.5_100_10_DualPI2_5_0_3_1_7": 88.8615359308586, "bbr2_1.0_100_10_DualPI2_5_0_3_1_7": 88.62249320557538, "bbr2_1.0_100_10_DualPI2_5_0_3_1_2": 88.7809415696518, "bbr2_8.0_100_10_DualPI2_5_0_3_1_10": 88.58922378476626, "bbr2_1.0_100_10_DualPI2_5_0_3_1_9": 88.23730070853965, "bbr2_8.0_100_10_DualPI2_5_0_3_1_2": 88.34150181591873, "bbr2_1.0_100_10_DualPI2_5_0_3_1_5": 88.60570234034992, "bbr2_0.5_100_10_DualPI2_5_0_3_1_4": 86.69484385410979, "bbr2_2.0_100_10_DualPI2_5_0_3_1_7": 88.68873513055867, "bbr2_4.0_100_10_DualPI2_5_0_3_1_9": 88.4604672764142, "bbr2_0.5_100_10_DualPI2_5_0_3_1_1": 88.644750281228, "bbr2_8.0_100_10_DualPI2_5_0_3_1_7": 87.92524250500352, "bbr2_2.0_100_10_DualPI2_5_0_3_1_2": 87.43831393478041, "bbr2_4.0_100_10_DualPI2_5_0_3_1_5": 88.97336047516566, "bbr2_8.0_100_10_DualPI2_5_0_3_1_5": 88.7084863328265, "bbr2_2.0_100_10_DualPI2_5_0_3_1_3": 89.30603188053716, "bbr2_1.0_100_10_DualPI2_5_0_3_1_4": 88.11721680328537, "bbr2_0.5_100_10_DualPI2_5_0_3_1_8": 88.1462949040068, "bbr2_2.0_100_10_DualPI2_5_0_3_1_5": 88.20722523293219, "bbr2_8.0_100_10_DualPI2_5_0_3_1_1": 88.1058201058201, "bbr2_2.0_100_10_DualPI2_5_0_3_1_10": 88.0509540554846, "bbr2_1.0_100_10_DualPI2_5_0_3_1_8": 87.79391759215744, "bbr2_1.0_100_10_DualPI2_5_0_3_1_1": 88.5523509191328, "bbr2_8.0_100_10_DualPI2_5_0_3_1_9": 87.55355929374774, "bbr2_4.0_100_10_DualPI2_5_0_3_1_1": 88.56132558205991, "bbr2_4.0_100_10_DualPI2_5_0_3_1_6": 88.50004082715739, "bbr2_0.5_100_10_DualPI2_5_0_3_1_2": 87.722601645395, "bbr2_4.0_100_10_DualPI2_5_0_3_1_8": 88.2527812557604, "bbr2_2.0_100_10_DualPI2_5_0_3_1_4": 88.75900050829547, "bbr2_1.0_100_10_DualPI2_5_0_3_1_10": 89.03813175447402, "bbr2_0.5_100_10_DualPI2_5_0_3_1_6": 89.09133710280854, "bbr2_2.0_100_10_DualPI2_5_0_3_1_1": 88.2291461324109}