{"bbr2_2.0_100_10_FQ_Codel_5_0_3_1_3": 47.383415389006416, "bbr2_1.0_100_10_FQ_5_0_3_1_9": 47.14535883762602, "bbr2_8.0_100_10_Codel_5_0_3_1_9": 39.174935245082345, "bbr2_1.0_100_10_FQ_Codel_5_0_3_1_5": 47.2731352390227, "bbr2_4.0_100_10_FQ_5_0_3_1_2": 46.8465569361192, "bbr2_1.0_100_10_FQ_Codel_5_0_3_1_3": 47.16502311052422, "bbr2_4.0_100_10_FQ_Codel_5_0_3_1_8": 47.47938043085452, "bbr2_4.0_100_10_FQ_Codel_5_0_3_1_3": 47.589214430724866, "bbr2_4.0_100_10_FQ_5_0_3_1_6": 46.643727569754, "bbr2_8.0_100_10_FQ_Codel_5_0_3_1_9": 47.693007677304294, "bbr2_0.5_100_10_FQ_Codel_5_0_3_1_10": 46.92432289880341, "bbr2_2.0_100_10_single_queue_FQ_5_0_3_1_4": 59.474328080865156, "bbr2_1.0_100_10_single_queue_FQ_5_0_3_1_1": 32.06694227897143, "bbr2_2.0_100_10_Codel_5_0_3_1_7": 66.7212510117341, "bbr2_0.5_100_10_FQ_5_0_3_1_8": 47.2183863685893, "bbr2_8.0_100_10_single_queue_FQ_5_0_3_1_2": 45.11768413239744, "bbr2_2.0_100_10_Codel_5_0_3_1_6": 29.822427148613066, "bbr2_2.0_100_10_FQ_Codel_5_0_3_1_4": 46.938798847691295, "bbr2_8.0_100_10_FQ_5_0_3_1_4": 46.95000339691703, "bbr2_0.5_100_10_FQ_Codel_5_0_3_1_2": 46.90197712400684, "bbr2_0.5_100_10_Codel_5_0_3_1_2": 37.95445124570384, "bbr2_0.5_100_10_FQ_Codel_5_0_3_1_4": 47.20476739210395, "bbr2_1.0_100_10_Codel_5_0_3_1_3": 54.264902776669985, "bbr2_0.5_100_10_single_queue_FQ_5_0_3_1_1": 43.24690728803381, "bbr2_4.0_100_10_single_queue_FQ_5_0_3_1_9": 45.22745010774486, "bbr2_1.0_100_10_single_queue_FQ_5_0_3_1_8": 39.38452022266497, "bbr2_2.0_100_10_FQ_5_0_3_1_5": 47.409587289760815, "bbr2_0.5_100_10_FQ_5_0_3_1_2": 46.868749778220426, "bbr2_0.5_100_10_FQ_Codel_5_0_3_1_9": 46.953449050958454, "bbr2_8.0_100_10_FQ_5_0_3_1_5": 47.00961629263197, "bbr2_8.0_100_10_FQ_Codel_5_0_3_1_5": 47.50162280242623, "bbr2_2.0_100_10_single_queue_FQ_5_0_3_1_2": 35.56584036537453, "bbr2_8.0_100_10_single_queue_FQ_5_0_3_1_3": 47.750800795680206, "bbr2_4.0_100_10_single_queue_FQ_5_0_3_1_4": 48.86004267079428, "bbr2_2.0_100_10_FQ_5_0_3_1_8": 47.346428801150736, "bbr2_1.0_100_10_single_queue_FQ_5_0_3_1_10": 29.53392365284062, "bbr2_1.0_100_10_Codel_5_0_3_1_8": 52.2050089408836, "bbr2_8.0_100_10_Codel_5_0_3_1_3": 32.16562651190372, "bbr2_4.0_100_10_single_queue_FQ_5_0_3_1_10": 38.55799007942139, "bbr2_0.5_100_10_single_queue_FQ_5_0_3_1_2": 49.561863186920796, "bbr2_4.0_100_10_single_queue_FQ_5_0_3_1_7": 40.256494998983676, "bbr2_1.0_100_10_FQ_5_0_3_1_1": 47.34752336168895, "bbr2_4.0_100_10_FQ_Codel_5_0_3_1_4": 47.32313767728355, "bbr2_8.0_100_10_single_queue_FQ_5_0_3_1_7": 58.97365313163703, "bbr2_8.0_100_10_FQ_Codel_5_0_3_1_7": 47.330002833008805, "bbr2_1.0_100_10_Codel_5_0_3_1_1": 44.09200198611075, "bbr2_4.0_100_10_FQ_5_0_3_1_3": 47.06082813045945, "bbr2_0.5_100_10_single_queue_FQ_5_0_3_1_6": 43.634977355001304, "bbr2_1.0_100_10_FQ_Codel_5_0_3_1_7": 47.134683868939696, "bbr2_1.0_100_10_FQ_5_0_3_1_8": 47.098996249545955, "bbr2_4.0_100_10_FQ_5_0_3_1_4": 47.13635381076191, "bbr2_4.0_100_10_FQ_Codel_5_0_3_1_9": 47.59543684418262, "bbr2_2.0_100_10_FQ_5_0_3_1_1": 47.1530071794487, "bbr2_1.0_100_10_Codel_5_0_3_1_10": 52.45210974829424, "bbr2_0.5_100_10_FQ_Codel_5_0_3_1_1": 46.6526998731452, "bbr2_8.0_100_10_FQ_Codel_5_0_3_1_1": 47.286908957288816, "bbr2_0.5_100_10_single_queue_FQ_5_0_3_1_8": 39.92252161586348, "bbr2_1.0_100_10_FQ_Codel_5_0_3_1_8": 47.242602879800046, "bbr2_8.0_100_10_single_queue_FQ_5_0_3_1_9": 53.56398785561102, "bbr2_1.0_100_10_Codel_5_0_3_1_4": 38.35102464796806, "bbr2_1.0_100_10_Codel_5_0_3_1_5": 46.9073215726354, "bbr2_1.0_100_10_FQ_5_0_3_1_5": 47.0472875965982, "bbr2_1.0_100_10_Codel_5_0_3_1_6": 40.275830690773006, "bbr2_2.0_100_10_Codel_5_0_3_1_9": 63.70087230163273, "bbr2_4.0_100_10_single_queue_FQ_5_0_3_1_5": 36.89110806114624, "bbr2_8.0_100_10_FQ_5_0_3_1_3": 47.06086581687029, "bbr2_4.0_100_10_Codel_5_0_3_1_10": 43.6792934170984, "bbr2_0.5_100_10_Codel_5_0_3_1_5": 45.47572973945732, "bbr2_1.0_100_10_FQ_5_0_3_1_2": 46.98721423972937, "bbr2_2.0_100_10_FQ_Codel_5_0_3_1_6": 47.29130087863781, "bbr2_8.0_100_10_FQ_5_0_3_1_1": 47.14444372308886, "bbr2_4.0_100_10_Codel_5_0_3_1_9": 32.62681914670466, "bbr2_0.5_100_10_Codel_5_0_3_1_1": 38.5414733608975, "bbr2_0.5_100_10_single_queue_FQ_5_0_3_1_9": 44.2845058154362, "bbr2_8.0_100_10_single_queue_FQ_5_0_3_1_8": 43.19075329284338, "bbr2_1.0_100_10_FQ_5_0_3_1_6": 47.16215511517217, "bbr2_0.5_100_10_Codel_5_0_3_1_6": 41.73246341852086, "bbr2_4.0_100_10_single_queue_FQ_5_0_3_1_3": 47.5775369332574, "bbr2_4.0_100_10_FQ_Codel_5_0_3_1_10": 47.389675361280474, "bbr2_4.0_100_10_FQ_5_0_3_1_8": 46.78402885586902, "bbr2_1.0_100_10_FQ_5_0_3_1_4": 46.89599698664772, "bbr2_2.0_100_10_FQ_5_0_3_1_9": 47.3448324646679, "bbr2_1.0_100_10_single_queue_FQ_5_0_3_1_6": 28.213411962550474, "bbr2_4.0_100_10_FQ_5_0_3_1_10": 47.06654702732239, "bbr2_2.0_100_10_FQ_Codel_5_0_3_1_9": 47.143761148700364, "bbr2_8.0_100_10_Codel_5_0_3_1_7": 35.352440085680264, "bbr2_8.0_100_10_FQ_Codel_5_0_3_1_6": 47.40065298345022, "bbr2_8.0_100_10_FQ_Codel_5_0_3_1_2": 47.323171865941575, "bbr2_2.0_100_10_single_queue_FQ_5_0_3_1_7": 29.422179842817265, "bbr2_8.0_100_10_Codel_5_0_3_1_6": 39.18532731264898, "bbr2_1.0_100_10_single_queue_FQ_5_0_3_1_9": 34.739856454315856, "bbr2_2.0_100_10_Codel_5_0_3_1_3": 73.22834270948555, "bbr2_2.0_100_10_FQ_5_0_3_1_6": 47.419014052470324, "bbr2_8.0_100_10_FQ_5_0_3_1_2": 46.90984069537915, "bbr2_2.0_100_10_Codel_5_0_3_1_10": 36.98979107537107, "bbr2_2.0_100_10_FQ_Codel_5_0_3_1_5": 47.28043190680062, "bbr2_8.0_100_10_FQ_Codel_5_0_3_1_3": 47.527867404841, "bbr2_0.5_100_10_FQ_5_0_3_1_7": 47.14871087610313, "bbr2_4.0_100_10_FQ_Codel_5_0_3_1_6": 47.67513586308084, "bbr2_1.0_100_10_single_queue_FQ_5_0_3_1_3": 41.95521851206962, "bbr2_8.0_100_10_single_queue_FQ_5_0_3_1_10": 42.2525336361036, "bbr2_8.0_100_10_FQ_5_0_3_1_8": 46.89373764714446, "bbr2_0.5_100_10_single_queue_FQ_5_0_3_1_4": 42.37519563885269, "bbr2_0.5_100_10_FQ_Codel_5_0_3_1_5": 47.40187862263313, "bbr2_4.0_100_10_FQ_Codel_5_0_3_1_7": 47.71099630262859, "bbr2_1.0_100_10_single_queue_FQ_5_0_3_1_2": 39.26962549607473, "bbr2_8.0_100_10_FQ_5_0_3_1_10": 47.1283765962514, "bbr2_1.0_100_10_FQ_Codel_5_0_3_1_9": 46.8291178672356, "bbr2_1.0_100_10_FQ_Codel_5_0_3_1_2": 47.356224571717036, "bbr2_2.0_100_10_Codel_5_0_3_1_2": 35.09875234905967, "bbr2_2.0_100_10_FQ_5_0_3_1_2": 46.93710354743863, "bbr2_4.0_100_10_Codel_5_0_3_1_6": 44.24328964022748, "bbr2_0.5_100_10_Codel_5_0_3_1_7": 41.36435678666564, "bbr2_2.0_100_10_single_queue_FQ_5_0_3_1_5": 45.429271465972775, "bbr2_1.0_100_10_single_queue_FQ_5_0_3_1_7": 50.40936768468319, "bbr2_4.0_100_10_FQ_5_0_3_1_9": 46.968923031771844, "bbr2_1.0_100_10_Codel_5_0_3_1_2": 46.9893208426138, "bbr2_2.0_100_10_single_queue_FQ_5_0_3_1_6": 52.28928632664416, "bbr2_8.0_100_10_FQ_5_0_3_1_9": 47.17245394243529, "bbr2_4.0_100_10_FQ_5_0_3_1_5": 46.90771576366022, "bbr2_0.5_100_10_FQ_Codel_5_0_3_1_8": 46.797789250968535, "bbr2_0.5_100_10_FQ_5_0_3_1_9": 46.6245371962072, "bbr2_1.0_100_10_FQ_5_0_3_1_7": 46.694033143339865, "bbr2_4.0_100_10_Codel_5_0_3_1_1": 42.745626018052384, "bbr2_8.0_100_10_Codel_5_0_3_1_1": 37.22182562610447, "bbr2_0.5_100_10_single_queue_FQ_5_0_3_1_5": 43.19153589107024, "bbr2_0.5_100_10_Codel_5_0_3_1_9": 46.04414808732914, "bbr2_2.0_100_10_Codel_5_0_3_1_8": 62.315539573647904, "bbr2_2.0_100_10_Codel_5_0_3_1_5": 68.90365802635084, "bbr2_0.5_100_10_FQ_5_0_3_1_5": 46.9896297103069, "bbr2_1.0_100_10_FQ_5_0_3_1_10": 46.76686522391715, "bbr2_0.5_100_10_FQ_5_0_3_1_6": 47.02947051974028, "bbr2_2.0_100_10_Codel_5_0_3_1_4": 67.71035268030084, "bbr2_0.5_100_10_FQ_5_0_3_1_3": 46.47205851009259, "bbr2_8.0_100_10_FQ_5_0_3_1_6": 46.92451358649062, "bbr2_4.0_100_10_Codel_5_0_3_1_5": 33.07353379556316, "bbr2_0.5_100_10_FQ_5_0_3_1_1": 46.5414180127931, "bbr2_8.0_100_10_single_queue_FQ_5_0_3_1_1": 31.276213796598935, "bbr2_0.5_100_10_FQ_Codel_5_0_3_1_3": 47.096821084345386, "bbr2_1.0_100_10_FQ_Codel_5_0_3_1_6": 47.296633310265655, "bbr2_2.0_100_10_FQ_5_0_3_1_10": 47.366101619617574,