{"bbr2_8.0_100_10_DualPI2_5_0_3_1_3": 5.073737779675887, "bbr2_4.0_100_10_DualPI2_5_0_3_1_2": 4.488459094186189, "bbr2_2.0_100_10_DualPI2_5_0_3_1_9": 5.2408617645305196, "bbr2_8.0_100_10_DualPI2_5_0_3_1_4": 4.068524124907123, "bbr2_2.0_100_10_DualPI2_5_0_3_1_8": 4.18478144067436, "bbr2_4.0_100_10_DualPI2_5_0_3_1_4": 6.192002565111902, "bbr2_2.0_100_10_DualPI2_5_0_3_1_6": 5.093585689801992, "bbr2_0.5_100_10_DualPI2_5_0_3_1_5": 5.251714812777665, "bbr2_0.5_100_10_DualPI2_5_0_3_1_3": 4.608858172458258, "bbr2_4.0_100_10_DualPI2_5_0_3_1_3": 4.48348408091687, "bbr2_8.0_100_10_DualPI2_5_0_3_1_8": 4.6140556236335275, "bbr2_1.0_100_10_DualPI2_5_0_3_1_3": 5.4289651539079795, "bbr2_8.0_100_10_DualPI2_5_0_3_1_6": 5.527527751741625, "bbr2_0.5_100_10_DualPI2_5_0_3_1_9": 5.67667396527993, "bbr2_1.0_100_10_DualPI2_5_0_3_1_6": 4.226981287332465, "bbr2_4.0_100_10_DualPI2_5_0_3_1_10": 5.301865728167252, "bbr2_0.5_100_10_DualPI2_5_0_3_1_10": 5.323245385951837, "bbr2_4.0_100_10_DualPI2_5_0_3_1_7": 5.03595936963211, "bbr2_0.5_100_10_DualPI2_5_0_3_1_7": 4.124815030079853, "bbr2_1.0_100_10_DualPI2_5_0_3_1_7": 4.138194265529708, "bbr2_1.0_100_10_DualPI2_5_0_3_1_2": 4.103382833660035, "bbr2_8.0_100_10_DualPI2_5_0_3_1_10": 5.121915713203513, "bbr2_1.0_100_10_DualPI2_5_0_3_1_9": 5.03060174960266, "bbr2_8.0_100_10_DualPI2_5_0_3_1_2": 3.88318003264227, "bbr2_1.0_100_10_DualPI2_5_0_3_1_5": 4.511130371477636, "bbr2_0.5_100_10_DualPI2_5_0_3_1_4": 6.306604753970083, "bbr2_2.0_100_10_DualPI2_5_0_3_1_7": 5.078113658050227, "bbr2_4.0_100_10_DualPI2_5_0_3_1_9": 4.15887534090409, "bbr2_0.5_100_10_DualPI2_5_0_3_1_1": 4.21663608969138, "bbr2_8.0_100_10_DualPI2_5_0_3_1_7": 5.201625883356492, "bbr2_2.0_100_10_DualPI2_5_0_3_1_2": 5.14211434810935, "bbr2_4.0_100_10_DualPI2_5_0_3_1_5": 4.116510956760297, "bbr2_8.0_100_10_DualPI2_5_0_3_1_5": 3.9343447178763835, "bbr2_2.0_100_10_DualPI2_5_0_3_1_3": 3.9816180186849284, "bbr2_1.0_100_10_DualPI2_5_0_3_1_4": 5.16287582802405, "bbr2_0.5_100_10_DualPI2_5_0_3_1_8": 4.5977775732979005, "bbr2_2.0_100_10_DualPI2_5_0_3_1_5": 4.2815743531936885, "bbr2_8.0_100_10_DualPI2_5_0_3_1_1": 4.43347044390863, "bbr2_2.0_100_10_DualPI2_5_0_3_1_10": 5.173214961984953, "bbr2_1.0_100_10_DualPI2_5_0_3_1_8": 5.1073606086417325, "bbr2_1.0_100_10_DualPI2_5_0_3_1_1": 3.8956462943903736, "bbr2_8.0_100_10_DualPI2_5_0_3_1_9": 5.197615657608078, "bbr2_4.0_100_10_DualPI2_5_0_3_1_1": 4.322495050691524, "bbr2_4.0_100_10_DualPI2_5_0_3_1_6": 4.447116958755322, "bbr2_0.5_100_10_DualPI2_5_0_3_1_2": 4.460165433384085, "bbr2_4.0_100_10_DualPI2_5_0_3_1_8": 4.844517835554438, "bbr2_2.0_100_10_DualPI2_5_0_3_1_4": 4.488088125351653, "bbr2_1.0_100_10_DualPI2_5_0_3_1_10": 4.241718058497662, "bbr2_0.5_100_10_DualPI2_5_0_3_1_6": 4.345298058947396, "bbr2_2.0_100_10_DualPI2_5_0_3_1_1": 5.091668668649636}